cve,cwe,vuln-description,vuln-cvssv3-base-score,vuln-cvssv3-base-score-severity,vuln-cvssv3-impact-score,vuln-cvssv3-exploitability-score,vuln-cvssv3-av,vuln-cvssv3-ac,vuln-cvssv3-pr,vuln-cvssv3-ui,vuln-cvssv3-s,vuln-cvssv3-c,vuln-cvssv3-i,vuln-cvssv3-a,vuln-technical-details-0-link,vuln-cvssv2-base-score,vuln-cvssv2-base-score-severity,vuln-cvssv2-impact-subscore,vuln-cvssv2-exploitability-score,vuln-cvssv2-additional
CVE-2019-9892,CWE-91,"An issue was discovered in Open Ticket Request System (OTRS) 5.x through 5.0.34, 6.x through 6.0.17, and 7.x through 7.0.6. An attacker who is logged into OTRS as an agent user with appropriate permissions may try to import carefully crafted Report Statistics XML that will result in reading of arbitrary files on the OTRS filesystem.",6.5,MEDIUM,3.6,2.8,Network,Low,Low,None,Unchanged,Partial,None,None,XML Injection (aka Blind XPath Injection),4.0,MEDIUM,2.9,8.0,Allows unauthorized disclosure of information
CVE-2019-9891,CWE-264,"The function getopt_simple as described in Advanced Bash Scripting Guide (ISBN 978-1435752184) allows privilege escalation and execution of commands when used in a shell script called, for example, via sudo.",9.8,CRITICAL,5.9,3.9,Network,Low,None,None,Unchanged,Complete,High,High,"Permissions, Privileges, and Access Control",10.0,HIGH,10.0,10.0,Allows unauthorized disclosure of information. Allows unauthorized modification. Allows disruption of service
CVE-2019-9890,CWE-275,"An issue was discovered in GitLab Community and Enterprise Edition 10.x and 11.x before 11.6.10, 11.7.x before 11.7.6, and 11.8.x before 11.8.1. It has Insecure Permissions.",9.1,CRITICAL,5.2,3.9,Network,Low,None,None,Unchanged,Partial,High,None,Permission Issues,6.4,MEDIUM,4.9,10.0,Allows unauthorized disclosure of information. Allows unauthorized modification
CVE-2019-9883,CWE-352,Multi modules of MailSherlock MSR35 and MSR45 lead to a CSRF vulnerability. It allows attacker to elevate privilege of specific account via useradmin/cf_new.cgi?chief=,8.8,HIGH,5.9,2.8,Network,Low,None,Required,Unchanged,Partial,High,High,Cross-Site Request Forgery (CSRF),6.8,MEDIUM,6.4,8.6,Victim must voluntarily interact with attack mechanism. Allows unauthorized disclosure of information. Allows unauthorized modification. Allows disruption of service
CVE-2019-9882,CWE-352,Multi modules of MailSherlock MSR35 and MSR45 lead to a CSRF vulnerability. It allows attacker to add malicious email sources into whitelist via user/save_list.php?ACSION=,8.8,HIGH,5.9,2.8,Network,Low,None,Required,Unchanged,Partial,High,High,Cross-Site Request Forgery (CSRF),6.8,MEDIUM,6.4,8.6,Victim must voluntarily interact with attack mechanism. Allows unauthorized disclosure of information. Allows unauthorized modification. Allows disruption of service
CVE-2019-9881,CWE-306,"The createComment mutation in the WPGraphQL 0.2.3 plugin for WordPress allows unauthenticated users to post comments on any article, even when 'allow comment' is disabled.",5.3,MEDIUM,1.4,3.9,Network,Low,None,None,Unchanged,None,Low,None,Missing Authentication for Critical Function,5.0,MEDIUM,2.9,10.0,Allows unauthorized modification
CVE-2019-9880,CWE-306,"An issue was discovered in the WPGraphQL 0.2.3 plugin for WordPress. By querying the 'users' RootQuery, it is possible, for an unauthenticated attacker, to retrieve all WordPress users details such as email address, role, and username.",9.1,CRITICAL,5.2,3.9,Network,Low,None,None,Unchanged,Partial,High,None,Missing Authentication for Critical Function,6.4,MEDIUM,4.9,10.0,Allows unauthorized disclosure of information. Allows unauthorized modification
CVE-2019-9879,CWE-306,"The WPGraphQL 0.2.3 plugin for WordPress allows remote attackers to register a new user with admin privileges, whenever new user registrations are allowed. This is related to the registerUser mutation.",9.8,CRITICAL,5.9,3.9,Network,Low,None,None,Unchanged,Partial,High,High,Missing Authentication for Critical Function,7.5,HIGH,6.4,10.0,Allows unauthorized disclosure of information. Allows unauthorized modification. Allows disruption of service
CVE-2019-9878,CWE-119,"There is an invalid memory access in the function GfxIndexedColorSpace::mapColorToBase() located in GfxState.cc in Xpdf 4.0.0, as used in pdfalto 0.2. It can be triggered by (for example) sending a crafted pdf file to the pdftops binary. It allows an attacker to cause Denial of Service (Segmentation fault) or possibly have unspecified other impact.",7.8,HIGH,5.9,1.8,Local,Low,None,Required,Unchanged,Partial,High,High,Buffer Errors,6.8,MEDIUM,6.4,8.6,Victim must voluntarily interact with attack mechanism. Allows unauthorized disclosure of information. Allows unauthorized modification. Allows disruption of service
CVE-2019-9877,CWE-119,"There is an invalid memory access vulnerability in the function TextPage::findGaps() located at TextOutputDev.c in Xpdf 4.01, which can (for example) be triggered by sending a crafted pdf file to the pdftops binary. It allows an attacker to cause Denial of Service (Segmentation fault) or possibly have unspecified other impact.",7.8,HIGH,5.9,1.8,Local,Low,None,Required,Unchanged,Partial,High,High,Buffer Errors,6.8,MEDIUM,6.4,8.6,Victim must voluntarily interact with attack mechanism. Allows unauthorized disclosure of information. Allows unauthorized modification. Allows disruption of service
CVE-2019-9875,CWE-502,Deserialization of Untrusted Data in the anti CSRF module in Sitecore through 9.1 allows an authenticated attacker to execute arbitrary code by sending a serialized .NET object in an HTTP POST parameter.,8.8,HIGH,5.9,2.8,Network,Low,Low,None,Unchanged,Partial,High,High,Deserialization of Untrusted Data,6.5,MEDIUM,6.4,8.0,Allows unauthorized disclosure of information. Allows unauthorized modification. Allows disruption of service
CVE-2019-9874,CWE-502,Deserialization of Untrusted Data in the Sitecore.Security.AntiCSRF (aka anti CSRF) module in Sitecore CMS 7.0 to 7.2 and Sitecore XP 7.5 to 8.2 allows an unauthenticated attacker to execute arbitrary code by sending a serialized .NET object in the HTTP POST parameter __CSRFTOKEN.,9.8,CRITICAL,5.9,3.9,Network,Low,None,None,Unchanged,Partial,High,High,Deserialization of Untrusted Data,7.5,HIGH,6.4,10.0,Allows unauthorized disclosure of information. Allows unauthorized modification. Allows disruption of service
CVE-2019-9871,CWE-264,Jector Smart TV FM-K75 devices allow remote code execution because there is an adb open port with root permission.,9.8,CRITICAL,5.9,3.9,Network,Low,None,None,Unchanged,Complete,High,High,"Permissions, Privileges, and Access Control",10.0,HIGH,10.0,10.0,Allows unauthorized disclosure of information. Allows unauthorized modification. Allows disruption of service
CVE-2019-9870,CWE-19,plugin.js in the w8tcha oEmbed plugin before 2019-03-14 for CKEditor mishandles SCRIPT elements.,9.8,CRITICAL,5.9,3.9,Network,Low,None,None,Unchanged,Partial,High,High,Data Handling,7.5,HIGH,6.4,10.0,Allows unauthorized disclosure of information. Allows unauthorized modification. Allows disruption of service
CVE-2019-9868,CWE-255,An issue was discovered in the Web Console in Veritas NetBackup Appliance through 3.1.2. The SMTP password is displayed to an administrator.,7.2,HIGH,5.9,1.2,Network,Low,High,None,Unchanged,Partial,High,High,Credentials Management,4.0,MEDIUM,2.9,8.0,Allows unauthorized disclosure of information
CVE-2019-9867,CWE-255,An issue was discovered in the Web Console in Veritas NetBackup Appliance through 3.1.2. The proxy server password is displayed to an administrator.,7.2,HIGH,5.9,1.2,Network,Low,High,None,Unchanged,Partial,High,High,Credentials Management,4.0,MEDIUM,2.9,8.0,Allows unauthorized disclosure of information
CVE-2019-9866,CWE-200,An issue was discovered in GitLab Community and Enterprise Edition 11.x before 11.7.7 and 11.8.x before 11.8.3. It allows Information Disclosure.,6.5,MEDIUM,3.6,2.8,Network,Low,Low,None,Unchanged,Partial,None,None,Information Leak / Disclosure,4.0,MEDIUM,2.9,8.0,Allows unauthorized disclosure of information
CVE-2019-9865,CWE-190,"When RPC is enabled in Wind River VxWorks 6.9 prior to 6.9.1, a specially crafted RPC request can trigger an integer overflow leading to an out-of-bounds memory copy. It may allow remote attackers to cause a denial of service (crash) or possibly execute arbitrary code.",8.1,HIGH,5.9,2.2,Network,High,None,None,Unchanged,Partial,High,High,Integer Overflow or Wraparound,6.8,MEDIUM,6.4,8.6,Allows unauthorized disclosure of information. Allows unauthorized modification. Allows disruption of service
CVE-2019-9864,CWE-20,PHP Scripts Mall Amazon Affiliate Store 2.1.6 allows Parameter Tampering of the payment amount.,6.5,MEDIUM,3.6,2.8,Network,Low,Low,None,Unchanged,None,High,None,Input Validation,4.0,MEDIUM,2.9,8.0,Allows unauthorized modification
CVE-2019-9863,CWE-326,"Due to the use of an insecure algorithm for rolling codes in the ABUS Secvest wireless alarm system FUAA50000 3.01.01 and its remote controls FUBE50014 and FUBE50015, an attacker is able to predict valid future rolling codes, and can thus remotely control the alarm system in an unauthorized way.",9.8,CRITICAL,5.9,3.9,Network,Low,None,None,Unchanged,Complete,High,High,Inadequate Encryption Strength,10.0,HIGH,10.0,10.0,Allows unauthorized disclosure of information. Allows unauthorized modification. Allows disruption of service
CVE-2019-9862,CWE-200,"An issue was discovered on ABUS Secvest wireless alarm system FUAA50000 3.01.01 in conjunction with Secvest remote control FUBE50014 or FUBE50015. Because ""encrypted signal transmission"" is missing, an attacker is able to eavesdrop sensitive data as cleartext (for instance, the current rolling code state).",6.5,MEDIUM,3.6,2.8,Adjacent,Low,None,None,Unchanged,Partial,None,None,Information Leak / Disclosure,3.3,LOW,2.9,6.5,Allows unauthorized disclosure of information
CVE-2019-9861,CWE-310,"Due to the use of an insecure RFID technology (MIFARE Classic), ABUS proximity chip keys (RFID tokens) of the ABUS Secvest FUAA50000 wireless alarm system can easily be cloned and used to deactivate the alarm system in an unauthorized way.",8.1,HIGH,5.2,2.8,Adjacent,Low,None,None,Unchanged,Partial,High,None,Cryptographic Issues,4.8,MEDIUM,4.9,6.5,Allows unauthorized disclosure of information. Allows unauthorized modification
CVE-2019-9860,CWE-332,"Due to unencrypted signal communication and predictability of rolling codes, an attacker can ""desynchronize"" an ABUS Secvest wireless remote control (FUBE50014 or FUBE50015) relative to its controlled Secvest wireless alarm system FUAA50000 3.01.01, so that sent commands by the remote control are not accepted anymore.",7.5,HIGH,3.6,3.9,Network,Low,None,None,Unchanged,None,None,High,Insufficient Entropy in PRNG,5.0,MEDIUM,2.9,10.0,Allows disruption of service
CVE-2019-3735,CWE-264,"Dell SupportAssist for Business PCs version 2.0 and Dell SupportAssist for Home PCs version 2.2, 2.2.1, 2.2.2, 2.2.3, 3.0, 3.0.1, 3.0.2, 3.1, 3.2, and 3.2.1 contain an Improper Privilege Management Vulnerability. A malicious local user can exploit this vulnerability by inheriting a system thread using a leaked thread handle to gain system privileges on the affected machine.",7.8,HIGH,5.9,1.8,Local,Low,Low,None,Unchanged,Complete,High,High,"Permissions, Privileges, and Access Control",7.2,HIGH,10.0,3.9,Allows unauthorized disclosure of information. Allows unauthorized modification. Allows disruption of service
CVE-2019-12920,CWE-798,"On Shenzhen Cylan Clever Dog Smart Camera DOG-2W and DOG-2W-V4 devices, an attacker on the network can login remotely to the camera and gain root access. The device ships with a hardcoded 12345678 password for the root account, accessible from a TELNET login prompt.",9.8,CRITICAL,5.9,3.9,Network,Low,None,None,Unchanged,Complete,High,High,Use of Hard-coded Credentials,10.0,HIGH,10.0,10.0,Allows unauthorized disclosure of information. Allows unauthorized modification. Allows disruption of service
CVE-2019-12919,CWE-200,"On Shenzhen Cylan Clever Dog Smart Camera DOG-2W and DOG-2W-V4 devices, an attacker on the local network has unauthenticated access to the internal SD card via the HTTP service on port 8000. The HTTP web server on the camera allows anyone to view or download the video archive recorded and saved on the external memory card attached to the device.",5.5,MEDIUM,3.6,1.8,Local,Low,Low,None,Unchanged,Partial,None,None,Information Leak / Disclosure,2.1,LOW,2.9,3.9,Allows unauthorized disclosure of information
CVE-2019-12905,CWE-79,FileRun 2019.05.21 allows XSS via the filename to the ?module=fileman,6.1,MEDIUM,2.7,2.8,Network,Low,None,Required,Changed,None,Low,None,Cross-Site Scripting (XSS),4.3,MEDIUM,2.9,8.6,Victim must voluntarily interact with attack mechanism. Allows unauthorized modification
CVE-2019-12790,CWE-125,"In radare2 through 3.5.1, there is a heap-based buffer over-read in the r_egg_lang_parsechar function of egg_lang.c. This allows remote attackers to cause a denial of service (application crash) or possibly have unspecified other impact because of missing length validation in libr/egg/egg.c.",7.8,HIGH,5.9,1.8,Local,Low,None,Required,Unchanged,Partial,High,High,Out-of-bounds Read,6.8,MEDIUM,6.4,8.6,Victim must voluntarily interact with attack mechanism. Allows unauthorized disclosure of information. Allows unauthorized modification. Allows disruption of service
CVE-2019-12789,CWE-264,"An issue was discovered on Actiontec T2200H T2200H-31.128L.08 devices, as distributed by Telus. By attaching a UART adapter to the UART pins on the system board, an attacker can use a special key sequence (Ctrl-\) to obtain a shell with root privileges. After gaining root access, the attacker can mount the filesystem read-write and make permanent modifications to the device including bricking of the device, disabling vendor management of the device, preventing automatic upgrades, and permanently installing malicious code on the device.",6.8,MEDIUM,5.9,0.9,Physical,Low,None,None,Unchanged,Complete,High,High,"Permissions, Privileges, and Access Control",7.2,HIGH,10.0,3.9,Allows unauthorized disclosure of information. Allows unauthorized modification. Allows disruption of service
CVE-2019-12788,CWE-119,An issue was discovered in Photodex ProShow Producer v9.0.3797 (an application that runs with Administrator privileges). It is possible to perform a buffer overflow via a crafted file.,7.8,HIGH,5.9,1.8,Local,Low,None,Required,Unchanged,Partial,High,High,Buffer Errors,6.8,MEDIUM,6.4,8.6,Victim must voluntarily interact with attack mechanism. Allows unauthorized disclosure of information. Allows unauthorized modification. Allows disruption of service
CVE-2019-12787,CWE-91,An issue was discovered on D-Link DIR-818LW devices from 2.05.B03 to 2.06B01 BETA. There is a command injection in HNAP1 SetWanSettings via an XML injection of the value of the Gateway key.,8.8,HIGH,5.9,2.8,Network,Low,Low,None,Unchanged,Partial,High,High,XML Injection (aka Blind XPath Injection),6.5,MEDIUM,6.4,8.0,Allows unauthorized disclosure of information. Allows unauthorized modification. Allows disruption of service
CVE-2019-12786,CWE-77,An issue was discovered on D-Link DIR-818LW devices from 2.05.B03 to 2.06B01 BETA. There is a command injection in HNAP1 SetWanSettings via an XML injection of the value of the IPAddress key.,8.8,HIGH,5.9,2.8,Network,Low,Low,None,Unchanged,Partial,High,High,Command Injection,6.5,MEDIUM,6.4,8.0,Allows unauthorized disclosure of information. Allows unauthorized modification. Allows disruption of service
CVE-2019-12745,CWE-79,out/out.UsrMgr.php in SeedDMS before 5.1.11 allows Stored Cross-Site Scripting (XSS) via the name field.,5.4,MEDIUM,2.7,2.3,Network,Low,Low,Required,Changed,None,Low,None,Cross-Site Scripting (XSS),3.5,LOW,2.9,6.8,Victim must voluntarily interact with attack mechanism. Allows unauthorized modification
CVE-2019-12744,CWE-77,"SeedDMS before 5.1.11 allows Remote Command Execution (RCE) because of unvalidated file upload of PHP scripts, a different vulnerability than CVE-2018-12940.",7.5,HIGH,5.9,1.6,Network,High,Low,None,Unchanged,Partial,High,High,Command Injection,6.0,MEDIUM,6.4,6.8,Allows unauthorized disclosure of information. Allows unauthorized modification. Allows disruption of service
CVE-2018-16248,CWE-79,"b3log Solo 2.9.3 has XSS in the Input page under the ""Publish Articles"" menu with an ID of ""articleTags"" stored in the ""tag"" JSON field, which allows remote attackers to inject arbitrary Web scripts or HTML via a carefully crafted site name in an admin-authenticated HTTP request.",6.1,MEDIUM,2.7,2.8,Network,Low,None,Required,Changed,None,Low,None,Cross-Site Scripting (XSS),4.3,MEDIUM,2.9,8.6,Victim must voluntarily interact with attack mechanism. Allows unauthorized modification
CVE-2018-16247,CWE-79,YzmCMS 5.1 has XSS via the admin/system_manage/user_config_add.html title parameter.,5.4,MEDIUM,2.7,2.3,Network,Low,Low,Required,Changed,None,Low,None,Cross-Site Scripting (XSS),3.5,LOW,2.9,6.8,Victim must voluntarily interact with attack mechanism. Allows unauthorized modification
CVE-2018-16119,CWE-119,Stack-based buffer overflow in the httpd server of TP-Link WR1043nd (Firmware Version 3) allows remote attackers to execute arbitrary code via a malicious MediaServer request to /userRpm/MediaServerFoldersCfgRpm.htm.,7.2,HIGH,5.9,1.2,Network,Low,High,None,Unchanged,Complete,High,High,Buffer Errors,9.0,HIGH,10.0,8.0,Allows unauthorized disclosure of information. Allows unauthorized modification. Allows disruption of service
CVE-2018-16118,CWE-78,"A shell escape vulnerability in /webconsole/APIController in the API Configuration component of Sophos XG firewall 17.0.8 MR-8 allows remote attackers to execute arbitrary OS commands via shell metachracters in the ""X-Forwarded-for"" HTTP header.",8.1,HIGH,5.9,2.2,Network,High,None,None,Unchanged,Complete,High,High,OS Command Injections,9.3,HIGH,10.0,8.6,Allows unauthorized disclosure of information. Allows unauthorized modification. Allows disruption of service
CVE-2018-16117,CWE-78,"A shell escape vulnerability in /webconsole/Controller in Admin Portal of Sophos XG firewall 17.0.8 MR-8 allow remote authenticated attackers to execute arbitrary OS commands via shell metacharacters in the ""dbName"" POST parameter.",8.8,HIGH,5.9,2.8,Network,Low,Low,None,Unchanged,Complete,High,High,OS Command Injections,9.0,HIGH,10.0,8.0,Allows unauthorized disclosure of information. Allows unauthorized modification. Allows disruption of service
CVE-2018-16116,CWE-89,"SQL injection vulnerability in AccountStatus.jsp in Admin Portal of Sophos XG firewall 17.0.8 MR-8 allow remote authenticated attackers to execute arbitrary SQL commands via the ""username"" GET parameter.",8.8,HIGH,5.9,2.8,Network,Low,Low,None,Unchanged,Partial,High,High,SQL Injection,6.5,MEDIUM,6.4,8.0,Allows unauthorized disclosure of information. Allows unauthorized modification. Allows disruption of service
CVE-2018-15913,CWE-79,"An issue was discovered in Cloudera Manager 5.x through 5.15.0. One type of page in Cloudera Manager uses a 'returnUrl' parameter to redirect the user to another page in Cloudera Manager once a wizard is completed. The validity of this parameter was not checked. As a result, the user could be automatically redirected to an attacker's external site or perform a malicious JavaScript function that results in cross-site scripting (XSS). This was fixed by not allowing any value in the returnUrl parameter with patterns such as http://, https://, //, or javascript. The only exceptions to this rule are the SAML Login/Logout URLs, which remain supported since they are explicitly configured and they are not passed via the returnUrl parameter.",6.1,MEDIUM,2.7,2.8,Network,Low,None,Required,Changed,None,Low,None,Cross-Site Scripting (XSS),4.3,MEDIUM,2.9,8.6,Victim must voluntarily interact with attack mechanism. Allows unauthorized modification
CVE-2018-15892,CWE-89,FreePBX 13 and 14 has SQL Injection in the DISA module via the hangup variable on the /admin/config.php?display=disa,4.3,MEDIUM,3.4,0.9,Network,Low,High,Required,Unchanged,Partial,Low,Low,SQL Injection,6.0,MEDIUM,6.4,6.8,Victim must voluntarily interact with attack mechanism. Allows unauthorized disclosure of information. Allows unauthorized modification. Allows disruption of service
CVE-2018-15891,CWE-79,"An issue was discovered in FreePBX core before 3.0.122.43, 14.0.18.34, and 5.0.1beta4. By crafting a request for adding Asterisk modules, an attacker is able to store JavaScript commands in a module name.",4.8,MEDIUM,2.7,1.7,Network,Low,High,Required,Changed,None,Low,None,Cross-Site Scripting (XSS),3.5,LOW,2.9,6.8,Victim must voluntarily interact with attack mechanism. Allows unauthorized modification
CVE-2018-15890,CWE-502,"An issue was discovered in EthereumJ 1.8.2. There is Unsafe Deserialization in ois.readObject in mine/Ethash.java and decoder.readObject in crypto/ECKey.java. When a node syncs and mines a new block, arbitrary OS commands can be run on the server.",9.8,CRITICAL,5.9,3.9,Network,Low,None,None,Unchanged,Complete,High,High,Deserialization of Untrusted Data,10.0,HIGH,10.0,10.0,Allows unauthorized disclosure of information. Allows unauthorized modification. Allows disruption of service
CVE-2018-15879,CWE-415,** REJECT ** DO NOT USE THIS CANDIDATE NUMBER. ConsultIDs: CVE-2019-6978. Reason: This candidate is a reservation duplicate of CVE-2019-6978. Notes: All CVE users should reference CVE-2019-6978 instead of this candidate. All references and descriptions in this candidate have been removed to prevent accidental usage.,,,,,,,,,,,,,,,,,,nan
CVE-2018-15878,CWE-415,** REJECT ** DO NOT USE THIS CANDIDATE NUMBER. ConsultIDs: CVE-2019-6978. Reason: This candidate is a reservation duplicate of CVE-2019-6978. Notes: All CVE users should reference CVE-2019-6978 instead of this candidate. All references and descriptions in this candidate have been removed to prevent accidental usage.,,,,,,,,,,,,,,,,,,nan
CVE-2016-6794,CWE-200,"When a SecurityManager is configured, a web application's ability to read system properties should be controlled by the SecurityManager. In Apache Tomcat 9.0.0.M1 to 9.0.0.M9, 8.5.0 to 8.5.4, 8.0.0.RC1 to 8.0.36, 7.0.0 to 7.0.70, 6.0.0 to 6.0.45 the system property replacement feature for configuration files could be used by a malicious web application to bypass the SecurityManager and read system properties that should not be visible.",5.3,MEDIUM,1.4,3.9,Network,Low,None,None,Unchanged,Partial,None,None,Information Leak / Disclosure,5.0,MEDIUM,2.9,10.0,Allows unauthorized disclosure of information
CVE-2016-5709,CWE-200,"SolarWinds Virtualization Manager 6.3.1 and earlier uses weak encryption to store passwords in /etc/shadow, which allows local users with superuser privileges to obtain user passwords via a brute force attack.",4.7,MEDIUM,3.6,1.0,Local,High,Low,None,Unchanged,Partial,None,None,Information Leak / Disclosure,1.9,LOW,2.9,3.4,Allows unauthorized disclosure of information
CVE-2016-10226,CWE-125,"JavaScriptCore in WebKit, as distributed in Safari Technology Preview Release 18, allows remote attackers to cause a denial of service (bitfield out-of-bounds read and application crash) via crafted JavaScript code that is mishandled in the operatorString function, related to assembler/MacroAssemblerARM64.h, assembler/MacroAssemblerX86Common.h, and wasm/WasmB3IRGenerator.cpp.",7.5,HIGH,3.6,3.9,Network,Low,None,None,Unchanged,None,None,High,Out-of-bounds Read,5.0,MEDIUM,2.9,10.0,Allows disruption of service
CVE-2016-10222,CWE-20,"runtime/JSONObject.cpp in JavaScriptCore in WebKit, as distributed in Safari Technology Preview Release 18, allows remote attackers to cause a denial of service (segmentation violation and application crash) via crafted JavaScript code that triggers a ""type confusion"" in the JSON.stringify function.",7.5,HIGH,3.6,3.9,Network,Low,None,None,Unchanged,None,None,High,Input Validation,5.0,MEDIUM,2.9,10.0,Allows disruption of service
CVE-2016-10026,CWE-284,"ikiwiki 3.20161219 does not properly check if a revision changes the access permissions for a page on sites with the git and recentchanges plugins and the CGI interface enabled, which allows remote attackers to revert certain changes by leveraging permissions to change the page before the revision was made.",7.5,HIGH,3.6,3.9,Network,Low,None,None,Unchanged,None,High,None,Improper Access Control,5.0,MEDIUM,2.9,10.0,Allows unauthorized modification
CVE-2016-1000307,CWE-79,"Multiple Cross Site Scripting (XSS) Vulnerabilities in ClipBucket v2.8.1 and probably prior allow Remote Attackers to inject arbitrary web script or HTML via (1) profile_desc, about_me, schools, occupation, companies, hobbies, fav_movies, fav_music, fav_books parameters to ProfileSettings page; (2) note parameter to PersonalNotes Section; (3) closed_msg, description, allowed_types parameters to WebsiteConfigurations Section. NOTE: the collection_description vector is already covered by CVE-2015-4673.",6.1,MEDIUM,2.7,2.8,Network,Low,None,Required,Changed,None,Low,None,Cross-Site Scripting (XSS),4.3,MEDIUM,2.9,8.6,Victim must voluntarily interact with attack mechanism. Allows unauthorized modification
CVE-2016-0963,CWE-189,"Integer overflow in Adobe Flash Player before 18.0.0.333 and 19.x through 21.x before 21.0.0.182 on Windows and OS X and before 11.2.202.577 on Linux, Adobe AIR before 21.0.0.176, Adobe AIR SDK before 21.0.0.176, and Adobe AIR SDK",9.8,CRITICAL,5.9,3.9,Network,Low,None,None,Unchanged,Complete,High,High,Numeric Errors,10.0,HIGH,10.0,10.0,Allows unauthorized disclosure of information. Allows unauthorized modification. Allows disruption of service
CVE-2016-0952,CWE-119,"Adobe Photoshop CC 2014 before 15.2.4, Photoshop CC 2015 before 16.1.2, and Bridge CC before 6.2 allow attackers to execute arbitrary code or cause a denial of service (memory corruption) via unspecified vectors, a different vulnerability than CVE-2016-0951 and CVE-2016-0953.",9.8,CRITICAL,5.9,3.9,Network,Low,None,None,Unchanged,Complete,High,High,Buffer Errors,10.0,HIGH,10.0,10.0,Allows unauthorized disclosure of information. Allows unauthorized modification. Allows disruption of service
CVE-2016-0951,CWE-119,"Adobe Photoshop CC 2014 before 15.2.4, Photoshop CC 2015 before 16.1.2, and Bridge CC before 6.2 allow attackers to execute arbitrary code or cause a denial of service (memory corruption) via unspecified vectors, a different vulnerability than CVE-2016-0952 and CVE-2016-0953.",9.8,CRITICAL,5.9,3.9,Network,Low,None,None,Unchanged,Complete,High,High,Buffer Errors,10.0,HIGH,10.0,10.0,Allows unauthorized disclosure of information. Allows unauthorized modification. Allows disruption of service
CVE-2016-0870,CWE-200,The web server in Trane Tracer SC 4.2.1134 and earlier allows remote attackers to read sensitive configuration files via a direct request.,5.3,MEDIUM,1.4,3.9,Network,Low,None,None,Unchanged,Partial,None,None,Information Leak / Disclosure,5.0,MEDIUM,2.9,10.0,Allows unauthorized disclosure of information
CVE-2016-0869,CWE-119,Heap-based buffer overflow in MICROSYS PROMOTIC before 8.3.11 allows remote authenticated users to cause a denial of service via a malformed HTML document.,5.0,MEDIUM,3.6,1.3,Local,Low,Low,Required,Unchanged,None,None,High,Buffer Errors,7.1,HIGH,6.9,8.6,Victim must voluntarily interact with attack mechanism. Allows disruption of service
CVE-2016-0868,CWE-119,Stack-based buffer overflow on Rockwell Automation Allen-Bradley MicroLogix 1100 devices A through 15.000 and B before 15.002 allows remote attackers to execute arbitrary code via a crafted web request.,9.8,CRITICAL,5.9,3.9,Network,Low,None,None,Unchanged,Complete,High,High,Buffer Errors,10.0,HIGH,10.0,10.0,Allows unauthorized disclosure of information. Allows unauthorized modification. Allows disruption of service
CVE-2016-0867,CWE-200,CAREL PlantVisorEnhanced allows remote attackers to bypass intended access restrictions via a direct file request.,7.5,HIGH,3.6,3.9,Network,Low,None,None,Unchanged,Complete,None,None,Information Leak / Disclosure,7.8,HIGH,6.9,10.0,Allows unauthorized disclosure of information
CVE-2016-0866,CWE-79,"Cross-site scripting (XSS) vulnerability in Tollgrade SmartGrid LightHouse Sensor Management System (SMS) Software EMS before 5.1, and 4.1.0 Build 16, allows remote attackers to inject arbitrary web script or HTML via unspecified vectors.",6.1,MEDIUM,2.7,2.8,Network,Low,None,Required,Changed,None,Low,None,Cross-Site Scripting (XSS),4.3,MEDIUM,2.9,8.6,Victim must voluntarily interact with attack mechanism. Allows unauthorized modification
CVE-2016-0865,CWE-255,"Tollgrade SmartGrid LightHouse Sensor Management System (SMS) Software EMS before 5.1, and 4.1.0 Build 16, allows remote authenticated users to change arbitrary passwords via unspecified vectors.",8.8,HIGH,5.9,2.8,Network,Low,Low,None,Unchanged,Complete,High,High,Credentials Management,9.0,HIGH,10.0,8.0,Allows unauthorized disclosure of information. Allows unauthorized modification. Allows disruption of service
CVE-2016-0864,CWE-200,"Tollgrade SmartGrid LightHouse Sensor Management System (SMS) Software EMS before 5.1, and 4.1.0 Build 16, allows remote attackers to obtain sensitive report and username information via unspecified vectors.",5.3,MEDIUM,1.4,3.9,Network,Low,None,None,Unchanged,Partial,None,None,Information Leak / Disclosure,5.0,MEDIUM,2.9,10.0,Allows unauthorized disclosure of information
CVE-2016-0863,CWE-352,"Cross-site request forgery (CSRF) vulnerability in Tollgrade SmartGrid LightHouse Sensor Management System (SMS) Software EMS before 5.1, and 4.1.0 Build 16, allows remote attackers to hijack the authentication of arbitrary users.",8.8,HIGH,5.9,2.8,Network,Low,None,Required,Unchanged,Partial,High,High,Cross-Site Request Forgery (CSRF),6.8,MEDIUM,6.4,8.6,Victim must voluntarily interact with attack mechanism. Allows unauthorized disclosure of information. Allows unauthorized modification. Allows disruption of service
CVE-2016-0862,CWE-200,General Electric (GE) Industrial Solutions UPS SNMP/Web Adapter devices with firmware before 4.8 allow remote authenticated users to obtain sensitive cleartext account information via unspecified vectors.,6.5,MEDIUM,3.6,2.8,Network,Low,Low,None,Unchanged,Partial,None,None,Information Leak / Disclosure,4.0,MEDIUM,2.9,8.0,Allows unauthorized disclosure of information
CVE-2016-0861,CWE-77,General Electric (GE) Industrial Solutions UPS SNMP/Web Adapter devices with firmware before 4.8 allow remote authenticated users to execute arbitrary commands via unspecified vectors.,8.8,HIGH,5.9,2.8,Network,Low,Low,None,Unchanged,Complete,High,High,Command Injection,9.0,HIGH,10.0,8.0,Allows unauthorized disclosure of information. Allows unauthorized modification. Allows disruption of service
CVE-2016-0860,CWE-119,Buffer overflow in the BwpAlarm subsystem in Advantech WebAccess before 8.1 allows remote attackers to cause a denial of service via a crafted RPC request.,7.5,HIGH,3.6,3.9,Network,Low,None,None,Unchanged,Complete,None,High,Buffer Errors,10.0,HIGH,10.0,10.0,Allows unauthorized disclosure of information. Allows unauthorized modification. Allows disruption of service
CVE-2016-0859,CWE-189,Integer overflow in the Kernel service in Advantech WebAccess before 8.1 allows remote attackers to execute arbitrary code or cause a denial of service (stack-based buffer overflow) via a crafted RPC request.,9.8,CRITICAL,5.9,3.9,Network,Low,None,None,Unchanged,Complete,High,High,Numeric Errors,10.0,HIGH,10.0,10.0,Allows unauthorized disclosure of information. Allows unauthorized modification. Allows disruption of service
CVE-2016-0858,CWE-362,Race condition in Advantech WebAccess before 8.1 allows remote attackers to execute arbitrary code or cause a denial of service (buffer overflow) via a crafted request.,8.1,HIGH,5.9,2.2,Network,High,None,None,Unchanged,Complete,High,High,Buffer Errors,9.3,HIGH,10.0,8.6,Allows unauthorized disclosure of information. Allows unauthorized modification. Allows disruption of service
CVE-2016-0857,CWE-119,Multiple heap-based buffer overflows in Advantech WebAccess before 8.1 allow remote attackers to execute arbitrary code via unspecified vectors.,9.8,CRITICAL,5.9,3.9,Network,Low,None,None,Unchanged,Complete,High,High,Buffer Errors,10.0,HIGH,10.0,10.0,Allows unauthorized disclosure of information. Allows unauthorized modification. Allows disruption of service
CVE-2016-0856,CWE-119,Multiple stack-based buffer overflows in Advantech WebAccess before 8.1 allow remote attackers to execute arbitrary code via unspecified vectors.,9.8,CRITICAL,5.9,3.9,Network,Low,None,None,Unchanged,Complete,High,High,Buffer Errors,10.0,HIGH,10.0,10.0,Allows unauthorized disclosure of information. Allows unauthorized modification. Allows disruption of service
CVE-2016-0853,CWE-200,Advantech WebAccess before 8.1 allows remote attackers to obtain sensitive information via crafted input.,7.5,HIGH,3.6,3.9,Network,Low,None,None,Unchanged,Partial,None,None,Information Leak / Disclosure,5.0,MEDIUM,2.9,10.0,Allows unauthorized disclosure of information
CVE-2016-0852,CWE-264,Advantech WebAccess before 8.1 allows remote attackers to bypass an intended administrative requirement and obtain file or folder access via unspecified vectors.,7.5,HIGH,3.6,3.9,Network,Low,None,None,Unchanged,Partial,None,None,"Permissions, Privileges, and Access Control",5.0,MEDIUM,2.9,10.0,Allows unauthorized disclosure of information
CVE-2016-0851,CWE-119,Advantech WebAccess before 8.1 allows remote attackers to cause a denial of service (out-of-bounds memory access) via unspecified vectors.,7.5,HIGH,3.6,3.9,Network,Low,None,None,Unchanged,None,None,High,Buffer Errors,7.8,HIGH,6.9,10.0,Allows disruption of service
CVE-2016-0850,CWE-264,"The PORCHE_PAIRING_CONFLICT feature in Bluetooth in Android 4.x before 4.4.4, 5.0.x before 5.0.2, 5.1.x before 5.1.1, and 6.x before 2016-04-01 allows remote attackers to bypass intended pairing restrictions via a crafted device, aka internal bug 26551752.",8.8,HIGH,5.9,2.8,Adjacent,Low,None,None,Unchanged,Partial,High,High,"Permissions, Privileges, and Access Control",5.8,MEDIUM,6.4,6.5,Allows unauthorized disclosure of information. Allows unauthorized modification. Allows disruption of service
CVE-2016-0849,CWE-189,"Multiple integer overflows in minzip/SysUtil.c in the Recovery Procedure in Android 5.0.x before 5.0.2, 5.1.x before 5.1.1, and 6.x before 2016-04-01 allow attackers to gain privileges via a crafted application, as demonstrated by obtaining Signature or SignatureOrSystem access, aka internal bug 26960931.",8.4,HIGH,5.9,2.5,Local,Low,None,None,Unchanged,Complete,High,High,Numeric Errors,7.2,HIGH,10.0,3.9,Allows unauthorized disclosure of information. Allows unauthorized modification. Allows disruption of service
CVE-2016-0848,CWE-362,"Race condition in Download Manager in Android 4.x before 4.4.4, 5.0.x before 5.0.2, 5.1.x before 5.1.1, and 6.x before 2016-04-01 allows attackers to bypass private-storage file-access restrictions via a crafted application that changes a symlink target, as demonstrated by obtaining Signature or SignatureOrSystem access, aka internal bug 26211054.",8.4,HIGH,5.9,2.5,Local,Low,None,None,Unchanged,Complete,High,High,Race Conditions,7.2,HIGH,10.0,3.9,Allows unauthorized disclosure of information. Allows unauthorized modification. Allows disruption of service
CVE-2016-0847,CWE-264,"The Telecom Component in Android 5.0.x before 5.0.2, 5.1.x before 5.1.1, and 6.x before 2016-04-01 allows attackers to spoof the originating telephone number of a call via a crafted application, as demonstrated by obtaining Signature or SignatureOrSystem access, aka internal bug 26864502.",8.4,HIGH,5.9,2.5,Local,Low,None,None,Unchanged,Complete,High,High,"Permissions, Privileges, and Access Control",7.2,HIGH,10.0,3.9,Allows unauthorized disclosure of information. Allows unauthorized modification. Allows disruption of service
CVE-2016-0846,CWE-264,"libs/binder/IMemory.cpp in the IMemory Native Interface in Android 4.x before 4.4.4, 5.0.x before 5.0.2, 5.1.x before 5.1.1, and 6.x before 2016-04-01 does not properly consider the heap size, which allows attackers to gain privileges via a crafted application, as demonstrated by obtaining Signature or SignatureOrSystem access, aka internal bug 26877992.",8.4,HIGH,5.9,2.5,Local,Low,None,None,Unchanged,Complete,High,High,"Permissions, Privileges, and Access Control",7.2,HIGH,10.0,3.9,Allows unauthorized disclosure of information. Allows unauthorized modification. Allows disruption of service
CVE-2016-0844,CWE-264,"The Qualcomm RF driver in Android 6.x before 2016-04-01 does not properly restrict access to socket ioctl calls, which allows attackers to gain privileges via a crafted application, aka internal bug 26324307.",8.4,HIGH,5.9,2.5,Local,Low,None,None,Unchanged,Complete,High,High,"Permissions, Privileges, and Access Control",7.2,HIGH,10.0,3.9,Allows unauthorized disclosure of information. Allows unauthorized modification. Allows disruption of service
CVE-2016-0843,CWE-264,"The Qualcomm ARM processor performance-event manager in Android 4.x before 4.4.4, 5.0.x before 5.0.2, 5.1.x before 5.1.1, and 6.x before 2016-04-01 allows attackers to gain privileges via a crafted application, aka internal bug 25801197.",8.4,HIGH,5.9,2.5,Local,Low,None,None,Unchanged,Complete,High,High,"Permissions, Privileges, and Access Control",7.2,HIGH,10.0,3.9,Allows unauthorized disclosure of information. Allows unauthorized modification. Allows disruption of service
CVE-2016-0842,CWE-119,"The H.264 decoder in libstagefright in Android 6.x before 2016-04-01 mishandles Memory Management Control Operation (MMCO) data, which allows remote attackers to execute arbitrary code or cause a denial of service (memory corruption) via a crafted media file, aka internal bug 25818142.",8.4,HIGH,5.9,2.5,Local,Low,None,None,Unchanged,Complete,High,High,Buffer Errors,10.0,HIGH,10.0,10.0,Allows unauthorized disclosure of information. Allows unauthorized modification. Allows disruption of service
CVE-2016-0841,CWE-119,"media/libmedia/mediametadataretriever.cpp in mediaserver in Android 4.x before 4.4.4, 5.0.x before 5.0.2, 5.1.x before 5.1.1, and 6.x before 2016-04-01 mishandles cleared service binders, which allows remote attackers to execute arbitrary code or cause a denial of service (memory corruption) via a crafted media file, aka internal bug 26040840.",9.8,CRITICAL,5.9,3.9,Network,Low,None,None,Unchanged,Complete,High,High,Buffer Errors,10.0,HIGH,10.0,10.0,Allows unauthorized disclosure of information. Allows unauthorized modification. Allows disruption of service
CVE-2016-0840,CWE-119,"Multiple stack-based buffer underflows in decoder/ih264d_parse_cavlc.c in mediaserver in Android 6.x before 2016-04-01 allow remote attackers to execute arbitrary code or cause a denial of service (memory corruption) via a crafted media file, aka internal bug 26399350.",8.4,HIGH,5.9,2.5,Local,Low,None,None,Unchanged,Complete,High,High,Buffer Errors,10.0,HIGH,10.0,10.0,Allows unauthorized disclosure of information. Allows unauthorized modification. Allows disruption of service
CVE-2016-0839,CWE-119,"post_proc/volume_listener.c in mediaserver in Android 6.x before 2016-04-01 mishandles deleted effect context, which allows remote attackers to execute arbitrary code or cause a denial of service (memory corruption) via a crafted media file, aka internal bug 25753245.",9.8,CRITICAL,5.9,3.9,Network,Low,None,None,Unchanged,Complete,High,High,Buffer Errors,10.0,HIGH,10.0,10.0,Allows unauthorized disclosure of information. Allows unauthorized modification. Allows disruption of service
CVE-2016-0838,CWE-119,"Sonivox in mediaserver in Android 4.x before 4.4.4, 5.0.x before 5.0.2, 5.1.x before 5.1.1, and 6.x before 2016-04-01 does not check for a negative number of samples, which allows remote attackers to execute arbitrary code or cause a denial of service (memory corruption) via a crafted media file, related to arm-wt-22k/lib_src/eas_wtengine.c and arm-wt-22k/lib_src/eas_wtsynth.c, aka internal bug 26366256.",9.8,CRITICAL,5.9,3.9,Network,Low,None,None,Unchanged,Complete,High,High,Buffer Errors,10.0,HIGH,10.0,10.0,Allows unauthorized disclosure of information. Allows unauthorized modification. Allows disruption of service
CVE-2016-0837,CWE-119,"MPEG4Extractor.cpp in libstagefright in mediaserver in Android 4.x before 4.4.4, 5.0.x before 5.0.2, 5.1.x before 5.1.1, and 6.x before 2016-04-01 allows remote attackers to execute arbitrary code or cause a denial of service (out-of-bounds read and memory corruption) via a crafted media file, aka internal bug 27208621.",9.8,CRITICAL,5.9,3.9,Network,Low,None,None,Unchanged,Complete,High,High,Buffer Errors,10.0,HIGH,10.0,10.0,Allows unauthorized disclosure of information. Allows unauthorized modification. Allows disruption of service
CVE-2016-0834,CWE-20,"An unspecified media codec in mediaserver in Android 6.x before 2016-04-01 allows remote attackers to execute arbitrary code or cause a denial of service (memory corruption) via a crafted media file, aka internal bug 26220548.",8.4,HIGH,5.9,2.5,Local,Low,None,None,Unchanged,Complete,High,High,Input Validation,10.0,HIGH,10.0,10.0,Allows unauthorized disclosure of information. Allows unauthorized modification. Allows disruption of service
CVE-2016-0777,CWE-200,"The resend_bytes function in roaming_common.c in the client in OpenSSH 5.x, 6.x, and 7.x before 7.1p2 allows remote servers to obtain sensitive information from process memory by requesting transmission of an entire buffer, as demonstrated by reading a private key.",6.5,MEDIUM,3.6,2.8,Network,Low,Low,None,Unchanged,Partial,None,None,Information Leak / Disclosure,4.0,MEDIUM,2.9,8.0,Allows unauthorized disclosure of information
CVE-2016-0714,CWE-264,"The session-persistence implementation in Apache Tomcat 6.x before 6.0.45, 7.x before 7.0.68, 8.x before 8.0.31, and 9.x before 9.0.0.M2 mishandles session attributes, which allows remote authenticated users to bypass intended SecurityManager restrictions and execute arbitrary code in a privileged context via a web application that places a crafted object in a session.",8.8,HIGH,5.9,2.8,Network,Low,Low,None,Unchanged,Partial,High,High,"Permissions, Privileges, and Access Control",6.5,MEDIUM,6.4,8.0,Allows unauthorized disclosure of information. Allows unauthorized modification. Allows disruption of service
CVE-2015-5313,CWE-22,"Directory traversal vulnerability in the virStorageBackendFileSystemVolCreate function in storage/storage_backend_fs.c in libvirt, when fine-grained Access Control Lists (ACL) are in effect, allows local users with storage_vol:create ACL but not domain:write permission to write to arbitrary files via a .. (dot dot) in a volume name.",2.5,LOW,1.4,1.0,Local,High,Low,None,Unchanged,None,Low,None,Path Traversal,1.9,LOW,2.9,3.4,Allows unauthorized modification
CVE-2015-3280,CWE-399,"OpenStack Compute (nova) before 2014.2.4 (juno) and 2015.1.x before 2015.1.2 (kilo) does not properly delete instances from compute nodes, which allows remote authenticated users to cause a denial of service (disk consumption) by deleting instances while in the resize state.",,,,,,,,,,None,,,Resource Management Errors,6.8,MEDIUM,6.9,8.0,Allows disruption of service
CVE-2015-3238,CWE-200,"The _unix_run_helper_binary function in the pam_unix module in Linux-PAM (aka pam) before 1.2.1, when unable to directly access passwords, allows local users to enumerate usernames or cause a denial of service (hang) via a large password.",6.5,MEDIUM,2.5,3.9,Network,Low,None,None,Unchanged,Partial,None,Low,Information Leak / Disclosure,5.8,MEDIUM,4.9,8.6,Allows unauthorized disclosure of information. Allows disruption of service
CVE-2015-3197,CWE-310,"ssl/s2_srvr.c in OpenSSL 1.0.1 before 1.0.1r and 1.0.2 before 1.0.2f does not prevent use of disabled ciphers, which makes it easier for man-in-the-middle attackers to defeat cryptographic protection mechanisms by performing computations on SSLv2 traffic, related to the get_client_master_key and get_client_hello functions.",5.9,MEDIUM,3.6,2.2,Network,High,None,None,Unchanged,Partial,None,None,Information Leak / Disclosure,4.3,MEDIUM,2.9,8.6,Allows unauthorized disclosure of information
CVE-2015-1897,CWE-119,"Stack-based buffer overflow in the FastBackMount process in IBM Tivoli Storage Manager FastBack 6.1 before 6.1.11.1 allows local users to gain privileges via unspecified vectors, a different vulnerability than CVE-2015-1898.",,,,,,,,,,Complete,,,Buffer Errors,7.2,HIGH,10.0,3.9,Allows unauthorized disclosure of information. Allows unauthorized modification. Allows disruption of service
CVE-2015-0794,CWE-59,modules.d/90crypt/module-setup.sh in the dracut package before 037-17.30.1 in openSUSE 13.2 allows local users to have unspecified impact via a symlink attack on /tmp/dracut_block_uuid.map.,,,,,,,,,,Complete,,,Link Following,7.2,HIGH,10.0,3.9,Allows unauthorized disclosure of information. Allows unauthorized modification. Allows disruption of service
CVE-2015-0310,CWE-264,"Adobe Flash Player before 13.0.0.262 and 14.x through 16.x before 16.0.0.287 on Windows and OS X and before 11.2.202.438 on Linux does not properly restrict discovery of memory addresses, which allows attackers to bypass the ASLR protection mechanism on Windows, and have an unspecified impact on other platforms, via unknown vectors, as exploited in the wild in January 2015.",,,,,,,,,,Complete,,,"Permissions, Privileges, and Access Control",10.0,HIGH,10.0,10.0,Allows unauthorized disclosure of information. Allows unauthorized modification. Allows disruption of service
CVE-2015-0301,CWE-20,"Adobe Flash Player before 13.0.0.260 and 14.x through 16.x before 16.0.0.257 on Windows and OS X and before 11.2.202.429 on Linux, Adobe AIR before 16.0.0.245 on Windows and OS X and before 16.0.0.272 on Android, Adobe AIR SDK before 16.0.0.272, and Adobe AIR SDK",,,,,,,,,,Complete,,,Input Validation,10.0,HIGH,10.0,10.0,Allows unauthorized disclosure of information. Allows unauthorized modification. Allows disruption of service
CVE-2015-0297,CWE-284,"Red Hat JBoss Operations Network 3.3.1 does not properly restrict access to certain APIs, which allows remote attackers to execute arbitrary Java methods via the (1) ServerInvokerServlet or (2) SchedulerService or (3) cause a denial of service (disk consumption) via the ContentManager.",,,,,,,,,,Partial,,,Improper Access Control,9.0,HIGH,8.5,10.0,Allows unauthorized disclosure of information. Allows unauthorized modification. Allows disruption of service
CVE-2015-0295,CWE-189,"The BMP decoder in QtGui in QT before 5.5 does not properly calculate the masks used to extract the color components, which allows remote attackers to cause a denial of service (divide-by-zero and crash) via a crafted BMP file.",,,,,,,,,,None,,,Numeric Errors,5.0,MEDIUM,2.9,10.0,Allows disruption of service
CVE-2015-0293,CWE-20,"The SSLv2 implementation in OpenSSL before 0.9.8zf, 1.0.0 before 1.0.0r, 1.0.1 before 1.0.1m, and 1.0.2 before 1.0.2a allows remote attackers to cause a denial of service (s2_lib.c assertion failure and daemon exit) via a crafted CLIENT-MASTER-KEY message.",,,,,,,,,,None,,,Input Validation,5.0,MEDIUM,2.9,10.0,Allows disruption of service
CVE-2015-0290,CWE-17,"The multi-block feature in the ssl3_write_bytes function in s3_pkt.c in OpenSSL 1.0.2 before 1.0.2a on 64-bit x86 platforms with AES NI support does not properly handle certain non-blocking I/O cases, which allows remote attackers to cause a denial of service (pointer corruption and application crash) via unspecified vectors.",,,,,,,,,,None,,,Code,5.0,MEDIUM,2.9,10.0,Allows disruption of service
CVE-2015-0287,CWE-17,"The ASN1_item_ex_d2i function in crypto/asn1/tasn_dec.c in OpenSSL before 0.9.8zf, 1.0.0 before 1.0.0r, 1.0.1 before 1.0.1m, and 1.0.2 before 1.0.2a does not reinitialize CHOICE and ADB data structures, which might allow attackers to cause a denial of service (invalid write operation and memory corruption) by leveraging an application that relies on ASN.1 structure reuse.",,,,,,,,,,None,,,Code,5.0,MEDIUM,2.9,10.0,Allows disruption of service
CVE-2015-0286,CWE-17,"The ASN1_TYPE_cmp function in crypto/asn1/a_type.c in OpenSSL before 0.9.8zf, 1.0.0 before 1.0.0r, 1.0.1 before 1.0.1m, and 1.0.2 before 1.0.2a does not properly perform boolean-type comparisons, which allows remote attackers to cause a denial of service (invalid read operation and application crash) via a crafted X.509 certificate to an endpoint that uses the certificate-verification feature.",,,,,,,,,,None,,,Code,5.0,MEDIUM,2.9,10.0,Allows disruption of service
CVE-2015-0285,CWE-310,"The ssl3_client_hello function in s3_clnt.c in OpenSSL 1.0.2 before 1.0.2a does not ensure that the PRNG is seeded before proceeding with a handshake, which makes it easier for remote attackers to defeat cryptographic protection mechanisms by sniffing the network and then conducting a brute-force attack.",,,,,,,,,,Partial,,,Cryptographic Issues,4.3,MEDIUM,2.9,8.6,Allows unauthorized disclosure of information
CVE-2015-0284,CWE-79,"Cross-site scripting (XSS) vulnerability in spacewalk-java in Spacewalk and Red Hat Satellite 5.7 allows remote authenticated users to inject arbitrary web script or HTML via crafted XML data to the XMLRPC API, involving user details.  NOTE: this vulnerability exists because of an incomplete fix for CVE-2014-7811.",5.4,MEDIUM,2.7,2.3,Network,Low,Low,Required,Changed,None,Low,None,Cross-Site Scripting (XSS),3.5,LOW,2.9,6.8,Victim must voluntarily interact with attack mechanism. Allows unauthorized modification
CVE-2015-0235,CWE-119,"Heap-based buffer overflow in the __nss_hostname_digits_dots function in glibc 2.2, and other 2.x versions before 2.18, allows context-dependent attackers to execute arbitrary code via vectors related to the (1) gethostbyname or (2) gethostbyname2 function, aka ""GHOST.""",,,,,,,,,,Complete,,,Buffer Errors,10.0,HIGH,10.0,10.0,Allows unauthorized disclosure of information. Allows unauthorized modification. Allows disruption of service
CVE-2015-0119,CWE-284,FastBack Mount in IBM Tivoli Storage Manager FastBack 6.1.x before 6.1.11.1 allows remote attackers to execute arbitrary code by connecting to the Mount port.,,,,,,,,,,Partial,,,Improper Access Control,7.5,HIGH,6.4,10.0,Allows unauthorized disclosure of information. Allows unauthorized modification. Allows disruption of service
CVE-2014-8559,CWE-399,"The d_walk function in fs/dcache.c in the Linux kernel through 3.17.2 does not properly maintain the semantics of rename_lock, which allows local users to cause a denial of service (deadlock and system hang) via a crafted application.",,,,,,,,,,None,,,Resource Management Errors,4.9,MEDIUM,6.9,3.9,Allows disruption of service
CVE-2014-4014,CWE-264,"The capabilities implementation in the Linux kernel before 3.14.8 does not properly consider that namespaces are inapplicable to inodes, which allows local users to bypass intended chmod restrictions by first creating a user namespace, as demonstrated by setting the setgid bit on a file with group ownership of root.",,,,,,,,,,Complete,,,"Permissions, Privileges, and Access Control",6.2,MEDIUM,10.0,1.9,Allows unauthorized disclosure of information. Allows unauthorized modification. Allows disruption of service
CVE-2013-4635,CWE-189,Integer overflow in the SdnToJewish function in jewish.c in the Calendar component in PHP before 5.3.26 and 5.4.x before 5.4.16 allows context-dependent attackers to cause a denial of service (application hang) via a large argument to the jdtojewish function.,,,,,,,,,,None,,,Numeric Errors,5.0,MEDIUM,2.9,10.0,Allows disruption of service
CVE-2012-5452,CWE-79,"Multiple cross-site scripting (XSS) vulnerabilities in Subrion CMS 2.2.1 allow remote attackers to inject arbitrary web script or HTML via the (1) multi_title parameter to blocks/add/; (2) cost, (3) days, or (4) title[en] parameter to plans/add/; (5) name or (6) title[en] parameter to fields/group/add/ in admin/manage/; or (7) f[accounts][fullname] or (8) f[accounts][username] parameter to advsearch/.  NOTE: This might overlap CVE-2011-5211.  NOTE: it was later reported that the f[accounts][fullname] and f[accounts][username] vectors might also affect 2.2.2.",,,,,,,,,,None,,,Cross-Site Scripting (XSS),4.3,MEDIUM,2.9,8.6,Victim must voluntarily interact with attack mechanism. Allows unauthorized modification
CVE-2012-1585,CWE-399,OpenStack Compute (Nova) Essex before 2011.3 allows remote authenticated users to cause a denial of service (Nova-API log file and disk consumption) via a long server name.,,,,,,,,,,None,,,Resource Management Errors,4.0,MEDIUM,2.9,8.0,Allows disruption of service
CVE-2011-4517,CWE-119,"The jpc_crg_getparms function in libjasper/jpc/jpc_cs.c in JasPer 1.900.1 uses an incorrect data type during a certain size calculation, which allows remote attackers to trigger a heap-based buffer overflow and execute arbitrary code, or cause a denial of service (heap memory corruption), via a crafted component registration (CRG) marker segment in a JPEG2000 file.",,,,,,,,,,Partial,,,Buffer Errors,6.8,MEDIUM,6.4,8.6,Victim must voluntarily interact with attack mechanism. Allows unauthorized disclosure of information. Allows unauthorized modification. Allows disruption of service
CVE-2011-4516,CWE-119,Heap-based buffer overflow in the jpc_cox_getcompparms function in libjasper/jpc/jpc_cs.c in JasPer 1.900.1 allows remote attackers to execute arbitrary code or cause a denial of service (memory corruption) via a crafted numrlvls value in a coding style default (COD) marker segment in a JPEG2000 file.,,,,,,,,,,Partial,,,Buffer Errors,6.8,MEDIUM,6.4,8.6,Victim must voluntarily interact with attack mechanism. Allows unauthorized disclosure of information. Allows unauthorized modification. Allows disruption of service
CVE-2010-1679,CWE-22,Directory traversal vulnerability in dpkg-source in dpkg before 1.14.31 and 1.15.x allows user-assisted remote attackers to modify arbitrary files via directory traversal sequences in a patch for a source-format 3.0 package.,,,,,,,,,,Partial,,,Path Traversal,6.8,MEDIUM,6.4,8.6,Victim must voluntarily interact with attack mechanism. Allows unauthorized disclosure of information. Allows unauthorized modification. Allows disruption of service
CVE-2009-2474,CWE-310,"neon before 0.28.6, when OpenSSL or GnuTLS is used, does not properly handle a '\0' character in a domain name in the subject's Common Name (CN) field of an X.509 certificate, which allows man-in-the-middle attackers to spoof arbitrary SSL servers via a crafted certificate issued by a legitimate Certification Authority, a related issue to CVE-2009-2408.",,,,,,,,,,Partial,,,Cryptographic Issues,6.8,MEDIUM,6.4,8.6,Provides unauthorized access. Allows unauthorized disclosure of information. Allows disruption of service
CVE-2008-2370,CWE-22,"Apache Tomcat 4.1.0 through 4.1.37, 5.5.0 through 5.5.26, and 6.0.0 through 6.0.16, when a RequestDispatcher is used, performs path normalization before removing the query string from the URI, which allows remote attackers to conduct directory traversal attacks and read arbitrary files via a .. (dot dot) in a request parameter.",,,,,,,,,,Partial,,,Path Traversal,5.0,MEDIUM,2.9,10.0,Allows unauthorized disclosure of information
CVE-2008-1362,CWE-264,"VMware Workstation 6.0.x before 6.0.3 and 5.5.x before 5.5.6, VMware Player 2.0.x before 2.0.3 and 1.0.x before 1.0.6, VMware ACE 2.0.x before 2.0.1 and 1.0.x before 1.0.5, and VMware Server 1.0.x before 1.0.5 on Windows allow local users to gain privileges or cause a denial of service by impersonating the authd process through an unspecified use of an ""insecurely created named pipe,"" a different vulnerability than CVE-2008-1361.",,,,,,,,,,Complete,,,"Permissions, Privileges, and Access Control",7.2,HIGH,10.0,3.9,Provides administrator access. Allows unauthorized disclosure of information. Allows disruption of service
CVE-2008-1344,CWE-89,Multiple SQL injection vulnerabilities in MyioSoft EasyCalendar 4.0tr and earlier allow remote attackers to execute arbitrary SQL commands via the (1) year parameter in a dayview action to plugins/calendar/calendar_backend.php and the (2) page parameter to ajaxp_backend.php.,,,,,,,,,,Partial,,,SQL Injection,7.5,HIGH,6.4,10.0,Provides unauthorized access. Allows unauthorized disclosure of information. Allows disruption of service
CVE-2007-4459,CWE-20,"Cisco IP Phone 7940 and 7960 with P0S3-08-6-00 firmware, and other SIP firmware before 8.7(0), allows remote attackers to cause a denial of service (device reboot) via (1) a certain sequence of 10 invalid SIP INVITE and OPTIONS messages; or (2) a certain invalid SIP INVITE message that contains a remote tag, followed by a certain set of two related SIP OPTIONS messages.",,,,,,,,,,None,,,Input Validation,7.1,HIGH,6.9,8.6,Allows disruption of service
CVE-2004-2761,CWE-310,"The MD5 Message-Digest Algorithm is not collision resistant, which makes it easier for context-dependent attackers to conduct spoofing attacks, as demonstrated by attacks on the use of MD5 in the signature algorithm of an X.509 certificate.",,,,,,,,,,None,,,Cryptographic Issues,5.0,MEDIUM,2.9,10.0,Allows unauthorized modification
